K,bin,groups,completions,informative_rate,mean_within_group_std,var_centered_signal,var_normalized_advantage
2,all,96,192,0.9375,0.3845672607421875,0.3368348777294159,0.9374814033508301
2,hard,32,64,0.84375,0.49340057373046875,0.5984376072883606,0.8437429666519165
2,medium,32,64,0.96875,0.41237640380859375,0.30409058928489685,0.968732476234436
2,easy,32,64,1.0,0.2479248046875,0.10797643661499023,0.9999688267707825
4,all,48,192,0.9583333333333334,0.5410044193267822,0.46772605180740356,0.95832759141922
4,hard,16,64,0.875,0.6614877581596375,0.7865267992019653,0.8749959468841553
4,medium,16,64,1.0,0.5516940951347351,0.4017186760902405,0.9999937415122986
4,easy,16,64,1.0,0.4098311960697174,0.21493268013000488,0.999993085861206
8,all,24,192,0.9583333333333334,0.61905437707901,0.5598951578140259,0.9583290815353394
8,hard,8,64,0.875,0.7633688449859619,0.8869009017944336,0.8749973773956299
8,medium,8,64,1.0,0.5990220308303833,0.4469122290611267,0.9999955892562866
8,easy,8,64,1.0,0.494772344827652,0.34587228298187256,0.9999942183494568
