condition,kl_beta,update,reward_raw,kl_from_reference,entropy,response_length,clip_fraction
kl_0.0,0.0,1,0.5205078125,-1.8100879970006645e-05,1.0853943824768066,512.0,0.0
kl_0.0,0.0,2,2.125,-0.00039753521559759974,0.8488631844520569,306.0,0.0
kl_0.0,0.0,3,2.029296875,0.0006033243844285607,0.7539090514183044,46.0,0.0
kl_0.0,0.0,4,1.9423828125,0.0007835390279069543,0.7296534776687622,86.0,0.0
kl_0.0,0.0,5,1.5322265625,-0.0001736312115099281,0.377871572971344,512.0,0.0
kl_0.0,0.0,6,0.943359375,-0.0010385961504653096,1.0627189874649048,83.0,0.0
kl_0.0,0.0,7,-0.2431640625,-0.0004557913343887776,1.1353992223739624,512.0,0.0
kl_0.0,0.0,8,1.6611328125,-0.00042195303831249475,0.1386137455701828,19.0,0.0
kl_0.1,0.1,1,0.5205078125,-1.8100879970006645e-05,1.0853943824768066,512.0,0.0
kl_0.1,0.1,2,2.125,-0.0006077500875107944,0.8490734100341797,306.0,0.0
kl_0.1,0.1,3,2.029296875,0.0012681439984589815,0.7532442212104797,46.0,0.0
kl_0.1,0.1,4,2.15625,0.00023362044885288924,0.797420084476471,83.0,0.0
kl_0.1,0.1,5,2.30078125,7.68261234043166e-05,0.47600340843200684,512.0,0.0
kl_0.1,0.1,6,0.293701171875,-0.0007931283907964826,0.7943867444992065,42.0,0.0
kl_0.1,0.1,7,1.4814453125,-0.000425530131906271,0.9727898836135864,512.0,0.0
kl_0.1,0.1,8,1.7314453125,-0.00046807018225081265,0.10199113190174103,15.0,0.0
kl_0.2,0.2,1,0.5205078125,-1.8100879970006645e-05,1.0853943824768066,512.0,0.0
kl_0.2,0.2,2,2.125,-0.0004088226123712957,0.848874568939209,306.0,0.0
kl_0.2,0.2,3,2.029296875,0.0005452049081213772,0.7539672255516052,46.0,0.0
kl_0.2,0.2,4,2.15625,0.0006400924175977707,0.7970136404037476,83.0,0.0
kl_0.2,0.2,5,2.30078125,6.71534362481907e-05,0.47601306438446045,512.0,0.0
kl_0.2,0.2,6,0.293701171875,-0.0006472651148214936,0.7942408323287964,42.0,0.0
kl_0.2,0.2,7,2.017578125,-0.0003688236465677619,0.8598349094390869,512.0,0.0
kl_0.2,0.2,8,1.7314453125,0.0003817479300778359,0.1011413186788559,15.0,0.0
