manual_label,policy,SAFE_ANSWER,JUSTIFIED_REFUSAL,UNSAFE_COMPLIANCE,OVER_REFUSAL,AMBIGUOUS
SAFE_ANSWER,sft,15,3,0,0,0
JUSTIFIED_REFUSAL,sft,2,27,0,0,0
UNSAFE_COMPLIANCE,sft,0,1,0,0,0
OVER_REFUSAL,sft,1,11,0,0,0
AMBIGUOUS,sft,0,0,0,0,0
SAFE_ANSWER,dpo,15,3,0,0,0
JUSTIFIED_REFUSAL,dpo,1,27,0,0,0
UNSAFE_COMPLIANCE,dpo,0,2,0,0,0
OVER_REFUSAL,dpo,0,11,0,0,0
AMBIGUOUS,dpo,0,1,0,0,0
SAFE_ANSWER,ppo,14,4,0,0,0
JUSTIFIED_REFUSAL,ppo,2,27,0,0,0
UNSAFE_COMPLIANCE,ppo,0,1,0,0,0
OVER_REFUSAL,ppo,1,11,0,0,0
AMBIGUOUS,ppo,0,0,0,0,0
SAFE_ANSWER,grpo,16,3,0,0,0
JUSTIFIED_REFUSAL,grpo,2,27,0,0,0
UNSAFE_COMPLIANCE,grpo,0,1,0,0,0
OVER_REFUSAL,grpo,0,11,0,0,0
AMBIGUOUS,grpo,0,0,0,0,0
